EmployeeID,Manager_Trust,Leadership_Communication,Fair_Decision_Making,Promotion_Opportunity,Skill_Development,Career_Path_Clarity,Workload_Balance,Flexible_Hours,Time_Off_Support
1,4,6,5,2,4,5,5,5,5
2,3,4,3,2,3,3,4,3,5
3,3,5,4,5,5,3,4,3,4
4,4,5,4,5,4,4,5,5,5
5,4,4,4,4,6,4,4,4,3
6,3,4,4,3,4,3,4,4,4
7,4,5,4,6,6,6,2,3,3
8,3,2,2,4,3,3,4,5,3
9,5,5,5,4,4,5,3,5,4
10,4,5,5,3,3,3,5,5,4
11,3,3,3,4,4,3,4,3,2
12,3,3,4,4,4,4,5,5,5
13,5,4,4,4,5,3,5,6,5
14,3,3,5,4,4,4,2,3,4
15,4,4,4,4,5,3,3,3,4
16,3,3,3,4,5,4,5,4,4
17,4,4,4,5,3,4,5,5,5
18,4,4,3,4,4,4,4,4,3
19,5,5,4,5,4,3,4,3,2
20,3,4,3,6,5,3,4,3,4
21,6,6,6,6,5,7,6,4,5
22,3,4,5,5,5,4,3,3,3
23,4,3,3,3,3,2,3,5,5
24,5,5,5,4,3,5,3,4,4
25,3,4,4,7,4,4,3,4,4
26,2,4,3,4,4,4,5,4,4
27,4,5,4,3,3,4,2,3,3
28,3,3,2,4,5,5,3,4,4
29,5,6,5,4,4,4,4,5,5
30,3,3,4,5,4,5,4,5,4
31,5,3,4,5,4,4,3,2,3
32,5,5,5,5,5,5,2,2,1
33,2,4,3,3,4,4,4,3,3
34,4,5,4,4,3,3,3,2,4
35,2,2,3,5,5,5,5,6,5
36,4,4,5,5,4,5,4,3,3
37,3,3,3,3,3,3,4,4,3
38,5,5,4,4,2,4,3,4,4
39,5,5,6,3,4,2,3,4,3
40,5,3,4,5,4,4,3,5,4
41,4,5,5,3,3,3,2,5,2
42,4,3,4,2,2,3,5,5,5
43,5,5,4,2,2,3,3,4,3
44,3,3,3,3,4,5,2,4,4
45,2,3,2,5,5,5,4,5,5
46,3,4,4,3,4,4,5,5,6
47,5,4,4,5,5,4,4,5,5
48,6,5,5,3,3,3,3,4,3
49,4,4,4,3,3,3,4,4,3
50,3,3,5,6,5,5,5,5,4
51,6,5,6,4,4,6,5,5,5
52,4,4,4,4,4,3,5,4,5
53,4,4,4,5,4,6,4,4,4
54,4,3,4,4,4,4,4,3,2
55,3,4,4,4,4,5,4,4,3
56,4,4,3,4,6,5,4,4,4
57,3,4,4,6,4,5,6,5,5
58,4,3,4,4,4,3,5,4,5
59,4,5,4,7,5,5,3,2,2
60,6,5,5,3,4,3,4,4,3
61,4,3,4,4,4,3,2,3,3
62,2,2,4,3,4,3,4,4,4
63,5,4,4,2,3,2,3,6,5
64,5,5,6,4,4,4,3,4,3
65,3,4,3,5,5,5,3,2,3
66,2,4,4,3,4,4,4,3,3
67,3,3,4,3,4,4,5,4,3
68,3,3,2,4,5,6,4,4,3
69,3,4,3,4,3,4,4,5,4
70,3,4,3,2,1,2,4,3,3
71,5,6,4,4,4,3,5,5,5
72,4,5,3,2,2,2,3,4,5
73,4,4,5,5,5,4,5,3,3
74,5,5,4,4,3,4,4,3,3
75,5,7,5,2,3,3,3,3,4
76,4,4,4,4,3,5,4,5,4
77,5,5,5,7,6,7,5,3,6
78,5,4,4,2,3,4,3,3,2
79,3,4,4,3,3,3,3,3,4
80,3,2,3,4,4,4,4,4,4
81,5,4,5,4,5,5,5,5,5
82,4,4,5,4,4,5,4,2,4
83,3,4,4,2,3,3,2,3,4
84,3,3,3,3,2,3,4,2,2
85,4,3,3,5,4,4,7,6,5
86,4,3,3,3,4,5,5,4,4
87,3,4,3,3,2,4,4,4,5
88,5,4,5,6,6,6,5,5,4
89,5,4,6,5,5,5,5,5,5
90,5,4,3,4,4,3,4,4,4
91,4,4,4,3,3,3,4,4,4
92,5,5,4,4,4,4,5,5,5
93,4,3,3,3,4,2,5,6,3
94,4,4,5,3,3,2,5,4,5
95,4,4,4,3,4,4,3,4,5
96,3,3,5,3,2,2,4,4,3
97,6,6,7,4,4,5,5,5,5
98,5,4,4,3,3,4,5,6,5
99,4,3,3,3,3,4,4,5,5
100,3,3,5,3,5,4,3,4,3
101,3,3,3,5,6,4,3,4,4
102,4,5,3,3,3,3,3,3,3
103,5,5,5,3,2,3,5,6,5
104,2,2,3,4,4,3,4,5,4
105,4,4,4,4,3,2,5,5,4
106,3,4,3,4,5,5,3,5,5
107,6,6,5,4,5,3,3,3,3
108,4,3,4,4,4,4,5,5,4
109,5,6,6,6,6,5,5,6,5
110,3,3,3,4,3,4,4,4,5
111,3,5,4,6,6,6,3,4,3
112,4,4,5,6,5,6,4,4,5
113,5,4,5,3,4,3,4,4,4
114,4,4,5,2,2,3,6,4,5
115,3,4,3,4,4,4,4,4,3
116,4,4,4,2,4,3,2,4,3
117,5,2,3,2,2,3,5,5,4
118,3,4,5,4,3,4,5,5,4
119,4,2,3,3,3,5,6,6,6
120,6,5,5,4,4,3,3,4,4
121,4,3,3,4,5,4,4,5,4
122,3,2,4,5,6,4,4,3,2
123,5,4,5,3,3,3,2,3,2
124,4,3,3,5,4,5,3,3,3
125,4,4,4,4,3,2,4,5,5
126,5,5,3,3,3,4,2,3,3
127,6,4,5,5,4,3,5,4,6
128,3,3,4,5,4,5,6,4,6
129,5,5,4,4,3,4,4,4,3
130,5,5,4,3,2,2,5,4,4
131,3,4,4,3,5,6,4,3,4
132,4,4,5,4,3,3,4,4,5
133,4,4,4,4,5,5,3,4,3
134,4,5,4,6,5,4,5,5,5
135,3,4,3,4,3,4,4,3,4
136,2,4,4,3,3,3,5,5,5
137,3,4,3,3,2,3,3,4,4
138,3,3,3,5,5,4,5,5,4
139,2,3,2,4,3,3,5,5,5
140,5,5,4,5,4,2,4,4,4
141,5,4,4,4,4,4,4,4,4
142,5,3,5,3,4,3,4,5,4
143,3,3,4,3,4,4,5,5,5
144,3,1,3,3,4,4,4,3,1
145,3,3,3,4,1,3,4,4,5
146,4,4,4,3,3,3,4,5,5
147,3,4,4,4,3,5,4,4,3
148,3,3,3,4,3,4,4,5,4
149,2,5,3,5,4,5,2,3,3
150,3,3,4,4,3,4,5,5,6
151,4,5,4,3,4,4,3,5,5
152,2,3,2,5,5,4,4,5,4
153,3,4,4,3,2,4,5,6,6
154,4,5,5,4,4,5,5,4,3
155,4,5,5,2,2,3,4,4,5
156,5,5,6,4,6,6,3,3,4
157,2,3,2,4,4,3,3,4,3
158,5,5,4,3,4,5,4,2,3
159,5,5,5,6,5,6,5,3,4
160,4,5,4,5,5,5,5,6,5
161,3,4,3,4,4,3,4,4,4
162,5,4,5,5,4,3,6,3,4
163,6,5,5,3,3,2,4,3,2
164,3,3,2,5,4,4,3,3,3
165,5,4,4,4,5,6,3,3,4
166,6,5,6,3,3,3,4,6,5
167,3,3,3,7,5,4,5,5,4
168,4,4,5,4,3,4,4,5,4
169,2,3,4,5,7,4,4,4,4
170,4,4,3,4,3,4,4,4,4
171,3,4,3,4,4,4,4,5,5
172,4,6,4,5,6,4,6,5,5
173,3,4,3,3,4,3,3,3,2
174,5,5,4,3,2,3,4,4,4
175,3,2,3,3,3,4,5,5,5
176,4,4,4,3,4,5,4,4,4
177,6,6,5,3,3,3,4,4,5
178,4,5,4,4,3,4,4,4,3
179,2,3,2,6,4,4,6,6,6
180,6,4,4,2,3,2,3,3,2
181,3,4,3,3,4,4,4,3,5
182,4,4,3,3,3,3,3,2,2
183,4,5,4,4,5,5,6,6,5
184,5,4,5,3,4,4,4,5,4
185,4,5,4,3,4,4,4,3,4
186,3,3,1,3,3,4,3,3,3
187,3,3,3,3,2,4,4,4,4
188,4,4,5,4,4,4,3,4,5
189,3,4,4,3,4,3,4,4,3
190,5,5,5,4,3,5,3,3,3
191,5,4,3,5,5,3,2,5,3
192,4,3,4,5,6,5,3,4,4
193,5,5,4,4,4,4,4,4,3
194,4,4,5,5,3,3,5,4,4
195,2,3,2,3,4,4,5,2,4
196,6,4,6,4,3,4,3,4,3
197,2,2,2,4,5,5,4,4,5
198,4,4,4,4,3,4,4,4,4
199,5,4,4,4,6,5,3,4,4
200,4,3,5,5,5,4,4,4,4
201,3,3,3,3,3,4,4,3,4
202,6,5,5,5,3,5,3,3,3
203,4,3,2,6,5,6,5,4,5
204,3,2,4,2,4,3,4,4,3
205,3,4,3,5,5,4,4,3,3
206,4,5,5,3,4,5,3,3,2
207,4,4,6,4,4,4,3,3,4
208,5,4,5,4,3,4,5,5,3
209,4,4,4,4,5,5,4,4,5
210,4,3,3,2,2,1,3,3,3
211,3,4,5,3,3,4,3,4,3
212,4,2,4,4,3,3,4,4,4
213,4,4,5,4,4,4,4,5,4
214,3,3,3,3,3,3,3,3,3
215,5,5,4,3,3,3,4,4,4
216,4,3,3,5,5,5,5,4,3
217,3,5,4,4,4,5,5,4,5
218,3,3,4,1,3,3,3,3,2
219,3,5,4,3,3,4,5,5,4
220,5,5,5,5,5,3,4,3,5
221,5,4,4,4,3,5,4,3,4
222,6,6,6,4,4,5,4,4,4
223,4,5,4,3,3,4,4,4,5
224,4,4,5,2,4,4,3,2,3
225,4,2,3,4,4,4,5,5,4
226,5,5,5,4,4,5,5,5,5
227,5,5,3,5,4,4,4,4,4
228,3,2,3,3,3,5,5,4,4
229,3,4,4,4,3,4,4,5,4
230,5,4,4,4,3,3,5,6,6
231,5,4,6,5,3,4,4,4,3
232,3,4,5,4,4,5,4,3,5
233,4,4,4,4,3,3,6,4,4
234,5,5,4,4,4,3,6,7,6
235,4,4,4,2,5,4,5,6,3
236,5,5,6,5,5,5,4,5,5
237,6,5,6,6,5,5,4,3,3
238,4,4,4,4,3,4,3,4,3
239,4,5,3,4,4,4,3,4,4
240,4,4,4,4,3,3,5,6,5
